rank	word	subsRank	wikiRank
1	forma	433	98
2	rei	235	239
3	morir	264	257
4	cop	208	329
5	general	601	133
6	ben	259	353
7	principal	1301	103
8	major	1038	151
9	resta	506	323
10	centre	978	171
11	zona	974	202
12	únic	413	500
13	clar	197	1196
14	aleshores	416	591
15	través	963	256
16	partir	1403	192
17	matar	227	1265
18	sèrie	1399	208
19	mig	593	491
20	total	1698	177
21	ordre	546	556
22	nacional	1626	196
23	voltant	868	372
24	línia	936	352
25	club	993	357
26	igual	504	712
27	dur	561	645
28	càrrec	889	423
29	número	614	637
30	probablement	566	692
31	just	393	1008
32	interior	1349	296
33	crear	1325	303
34	base	1115	361
35	posició	1008	407
36	nombre	2940	140
37	oficial	774	533
38	est	1237	334
39	regne	1178	366
40	lliure	589	739
41	favor	337	1320
42	sola	531	860
43	moviment	1433	332
44	mena	548	873
45	especial	689	705
46	capità	334	1470
47	real	741	691
48	armes	651	788
49	anomenat	1440	371
50	pròpia	876	610
51	diverses	4025	135
52	propi	890	616
53	atac	704	817
54	reial	972	592
55	membre	1489	395
56	reina	446	1380
57	diversos	4893	128
58	membres	2058	307
59	dreta	977	654
60	direcció	1381	465
61	significa	701	917
62	procés	2223	304
63	segle	2261	305
64	superior	2264	317
65	construcció	3691	199
66	accés	1625	457
67	torre	1708	448
68	honor	724	1058
69	permetre	1095	701
70	futur	670	1157
71	humans	1078	742
72	militar	1764	482
73	missió	943	909
74	capaç	756	1194
75	doctor	442	2054
76	mur	920	1020
77	comte	810	1169
78	popular	2497	388
79	papa	496	1954
80	estudi	2368	412
81	simplement	621	1584
82	milions	703	1426
83	contacte	984	1029
84	obtenir	2424	427
85	comandant	707	1480
86	parell	565	1881
87	totalment	1105	962
88	humà	954	1117
89	original	2652	405
90	oportunitat	459	2361
91	natural	1995	561
92	ocupats	4827	232
93	unitat	1327	850
94	príncep	1079	1051
95	salvar	575	1974
96	mundial	3275	350
97	tercer	1709	677
98	període	4101	283
99	material	2607	446
100	front	1411	829
101	presència	1969	597
102	temporada	2965	401
103	presentar	1948	617
104	arreu	951	1285
105	normal	817	1511
106	val	380	3311
107	secret	611	2149
108	actual	3360	394
109	arma	555	2398
110	mitjançant	3830	349
111	esposa	1195	1141
112	social	3258	422
113	palau	2175	635
114	corrent	1149	1207
115	tocar	956	1452
116	origen	3392	411
117	tropes	2440	586
118	comú	1616	893
119	ordres	787	1835
120	aparèixer	1971	733
121	dòlars	582	2492
122	quasi	1103	1327
123	enrere	594	2467
124	tercera	1874	782
125	unió	3386	434
126	directament	1609	916
127	damunt	1376	1082
128	aspecte	1645	918
129	velocitat	1707	902
130	humana	1297	1188
131	simple	1295	1191
132	doble	1881	822
133	capacitat	2723	568
134	premsa	1395	1119
135	victòria	1712	915
136	abandonar	1672	952
137	territori	3688	432
138	formar	3354	480
139	anterior	3158	512
140	activitat	3571	461
141	països	6101	270
142	conjunt	5119	322
143	atacar	1276	1300
144	renda	10836	155
145	enllà	1164	1443
146	exactament	452	3757
147	enemic	918	1858
148	allí	1076	1590
149	excepte	1114	1536
150	combat	1402	1235
151	educació	3325	527
152	plena	1058	1660
153	foren	5234	336
154	apareix	3847	460
155	accident	851	2083
156	líder	1253	1416
157	marc	1756	1015
158	civil	3635	493
159	vila	3632	497
160	tractar	1298	1408
161	governador	1789	1026
162	milers	1012	1875
163	mitjana	3335	576
164	impossible	823	2351
165	habitatge	16012	122
166	distància	1677	1168
167	comandament	1683	1167
168	suficient	959	2059
169	ésser	2010	1019
170	escapar	1024	2033
171	lliures	1352	1572
172	veritable	1090	1962
173	mínim	1263	1735
174	coberta	3919	563
175	organització	3649	605
176	exterior	2904	772
177	caràcter	4370	517
178	intenció	1595	1421
179	començament	1648	1381
180	oferir	1740	1314
181	and	3231	723
182	mostrar	2160	1090
183	tinent	841	2812
184	quilòmetres	1981	1204
185	mida	2730	876
186	emperador	2214	1088
187	clara	1582	1528
188	esclaus	1200	2017
189	espasa	808	3002
190	destruir	1313	1848
191	corona	1769	1384
192	quelcom	536	4571
193	peces	3771	651
194	cort	2028	1214
195	present	2334	1061
196	directe	1821	1393
197	creació	4566	562
198	amunt	1015	2538
199	dècada	5081	519
200	peça	2515	1052
201	segurament	1141	2327
202	comunicació	3509	757
203	produir	5078	528
204	funciona	773	3494
205	familiar	1766	1535
206	dirigir	3359	811
207	militars	3065	892
208	bellesa	1563	1758
209	desaparèixer	1244	2243
210	contrari	1889	1485
211	voluntat	1664	1707
212	certa	2339	1218
213	americans	1554	1840
214	gas	1674	1709
215	depèn	1541	1873
216	proper	1826	1583
217	tron	1722	1689
218	menor	4243	686
219	màxim	2732	1071
220	créixer	1620	1833
221	senzill	1999	1486
222	coronel	1190	2501
223	ambdós	3197	933
224	alçada	3332	897
225	polític	3799	789
226	roca	2343	1293
227	americà	2053	1484
228	para	682	4481
229	autoritat	2087	1471
230	resulta	1390	2216
231	pràctica	3644	849
232	fosc	1357	2292
233	propera	1508	2065
234	anomena	2663	1170
235	referència	4656	670
236	representa	3548	880
237	figura	4537	689
238	juntament	5734	546
239	controlar	1882	1677
240	degut	3062	1035
241	aproximadament	4086	777
242	desaparegut	1070	2980
243	triar	1109	2878
244	ocupat	1437	2245
245	complet	2394	1353
246	iniciar	3994	823
247	cadascun	2468	1356
248	records	1545	2173
249	traducció	2073	1662
250	usar	2236	1557
251	pati	2464	1428
252	manté	2672	1354
253	açò	518	6993
254	provar	1004	3610
255	generalment	6367	573
256	índia	2751	1328
257	demostrar	2168	1688
258	text	4692	792
259	tracte	854	4380
260	incloent	4641	812
261	lliga	4305	879
262	fortalesa	2796	1355
263	parar	897	4236
264	tècnica	4991	762
265	objecte	4320	883
266	intent	2550	1496
267	heroi	1069	3595
268	particular	4089	944
269	identitat	2539	1522
270	sexe	1314	2944
271	princesa	1372	2833
272	viva	1102	3532
273	avall	1388	2829
274	privat	1511	2604
275	romandre	3189	1234
276	medicina	2741	1436
277	brillant	1669	2377
278	ponent	2534	1566
279	pràcticament	3052	1303
280	clarament	2038	1966
281	episodis	1804	2223
282	centenars	1888	2126
283	buit	1720	2346
284	principalment	7952	510
285	flota	2048	1982
286	perfecte	678	6002
287	rep	4410	923
288	naixement	3003	1363
289	romans	3480	1185
290	comportament	2673	1547
291	ací	602	6905
292	escut	3576	1193
293	legal	1418	3031
294	esdeveniments	3890	1105
295	comercial	4574	947
296	tomba	2147	2022
297	drogues	932	4668
298	sentiments	1438	3026
299	casament	1111	3946
300	ocupar	4019	1091
301	americana	2826	1553
302	definitivament	2041	2154
303	veïns	3138	1403
304	científics	2892	1525
305	fase	4044	1093
306	occidental	5861	766
307	útil	1951	2324
308	posterior	6830	664
309	administració	5452	832
310	existeixen	4565	996
311	similar	4704	969
312	aigües	5079	898
313	fàcilment	2498	1850
314	celebrar	3404	1358
315	cantó	3515	1319
316	provocar	4469	1038
317	tresor	1100	4222
318	habitual	3814	1240
319	gràcia	1621	2921
320	científic	2218	2138
321	retorn	3250	1461
322	nomenat	8292	574
323	sexual	2155	2275
324	tripulació	1955	2545
325	pilot	1929	2592
326	independent	5506	919
327	potència	2836	1790
328	portal	5290	960
329	boig	619	8226
330	anomenar	3344	1537
331	comtat	4015	1284
332	enorme	1978	2616
333	bomba	1242	4209
334	extrem	5517	956
335	càncer	2045	2628
336	signar	3349	1613
337	mama	530	10215
338	cobert	3053	1818
339	lletres	5302	1050
340	saga	1333	4182
341	amo	1209	4621
342	ocasió	3067	1825
343	tribu	2516	2237
344	continuació	4499	1252
345	noble	2598	2215
346	característiques	8713	666
347	succeir	2446	2394
348	lletra	3429	1711
349	federal	3100	1893
350	romà	5123	1149
351	indica	4024	1463
352	manca	4338	1362
353	apareixen	5574	1062
354	possiblement	3289	1807
355	jueus	3273	1819
356	màgia	1342	4463
357	merda	198	30297
358	recollir	2105	2855
359	promesa	1474	4089
360	requereix	3412	1768
361	cercle	3204	1885
362	dintre	1825	3331
363	tros	1107	5492
364	funcionar	1935	3163
365	inferior	8216	747
366	solen	5385	1140
367	russos	2617	2368
368	àlbum	10497	593
369	britànic	4634	1349
370	espacial	3103	2015
371	llenguatge	4591	1366
372	fulles	5667	1108
373	dedicar	5875	1078
374	milió	1813	3503
375	inclou	9931	641
376	tradicional	6847	932
377	anunciar	5834	1095
378	sensació	1896	3388
379	cementiri	3441	1868
380	enmig	1980	3282
381	bord	1546	4204
382	dimensions	6021	1083
383	familiars	3248	2011
384	francesos	5122	1289
385	esdevenir	7912	836
386	torres	4872	1360
387	bisbe	6214	1067
388	colla	2370	2800
389	devia	2013	3320
390	rus	3444	1959
391	indis	2027	3333
392	oficialment	3997	1696
393	sona	708	9586
394	bandera	4649	1464
395	venjança	1538	4433
396	cervesa	1236	5530
397	inici	6925	989
398	quarta	3867	1779
399	punta	3341	2071
400	creixent	3717	1865
401	representant	3668	1916
402	pèl	1660	4242
403	escollir	2135	3307
404	etc	12732	555
405	identificar	3818	1856
406	olor	1116	6355
407	exacte	1171	6072
408	volar	1493	4772
409	romana	5569	1282
410	alliberar	2614	2733
411	convèncer	2118	3381
412	global	2942	2455
413	munt	1086	6724
414	humanitat	2332	3158
415	descriure	4462	1651
416	cerca	2868	2572
417	dama	1977	3740
418	traslladar	6472	1146
419	col	430	17415
420	significat	4107	1842
421	terrible	1019	7448
422	destrucció	2881	2661
423	categoria	7684	1002
424	pistola	1059	7329
425	disponible	3526	2204
426	pou	3024	2575
427	eliminar	3562	2207
428	colònia	4751	1656
429	símbol	4718	1674
430	passeig	3545	2228
431	contingut	7992	997
432	capturar	3239	2469
433	humor	2253	3559
434	fundació	10896	738
435	enamorat	1561	5173
436	éssers	2895	2795
437	saló	3886	2086
438	circumstàncies	2699	3004
439	adéu	376	21642
440	industrial	6724	1213
441	inicial	7058	1162
442	ambdues	6325	1298
443	múltiples	5169	1592
444	drac	2179	3789
445	canó	3714	2230
446	evident	2954	2821
447	cantonada	2888	2915
448	explosió	1939	4345
449	classificades	21688	390
450	monstre	1108	7652
451	impressió	3098	2741
452	rica	3565	2390
453	record	2292	3731
454	permanent	4639	1849
455	llançament	6256	1374
456	bàsicament	3227	2667
457	moral	3147	2746
458	factor	4396	1969
459	situat	15552	557
460	residència	6557	1325
461	explicació	2528	3447
462	japonès	2997	2914
463	refereix	4532	1929
464	esdeveniment	5274	1658
465	aparentment	2717	3223
466	recent	4260	2077
467	temporal	3173	2792
468	baralla	1957	4534
469	concurs	6280	1424
470	fama	5061	1771
471	sergent	1032	8732
472	execució	4097	2203
473	concentració	5240	1729
474	ombra	2184	4159
475	medalla	7637	1202
476	campió	4039	2278
477	assumpte	1522	6053
478	disposició	4813	1915
479	reputació	2914	3165
480	tindre	1861	4961
481	comprovar	2195	4214
482	grec	5794	1599
483	personalitat	4258	2177
484	raça	2782	3342
485	imperial	4830	1927
486	completar	5389	1730
487	solitari	3784	2466
488	rang	5419	1736
489	sencer	1936	4905
490	selecció	9365	1014
491	resultar	4666	2049
492	episodi	5202	1845
493	sòl	7361	1304
494	desconegut	2708	3545
495	descripció	4191	2293
496	encarregat	3707	2607
497	essent	5421	1784
498	enlloc	1159	8346
499	seriosament	1152	8407
500	trànsit	3324	2916
501	petició	3396	2861
502	mina	2737	3576
503	fortuna	2484	3948
504	ala	3596	2744
505	agradable	1312	7526
506	absència	4594	2151
507	cadàver	1584	6241
508	còpia	3086	3214
509	transmissió	4825	2060
510	profund	2549	3903
511	rebutjar	4145	2403
512	correspon	6394	1559
513	automòbils	10262	977
514	rebels	3610	2780
515	alcohol	2328	4311
516	vigilància	2499	4018
517	tirar	1775	5658
518	granja	2161	4649
519	enfrontar	4761	2114
520	interpretació	7499	1343
521	relacionat	3760	2681
522	representar	6354	1587
523	aprofitar	4265	2372
524	comunista	5183	1955
525	salvatges	1564	6486
526	expedició	5461	1859
527	salvatge	1852	5491
528	invasió	4466	2279
529	uniforme	2545	4001
530	eix	7076	1447
531	guarda	2007	5104
532	rebel	1976	5186
533	plana	8744	1175
534	conscient	2068	4973
535	excepció	4500	2286
536	llatí	6530	1578
537	suportar	1931	5337
538	matemàtiques	4712	2189
539	ajut	4008	2577
540	possessió	4572	2260
541	disposat	1972	5248
542	determinar	6148	1686
543	ronda	3820	2718
544	derrotar	4267	2442
545	apartament	1473	7095
546	representació	9818	1065
547	regla	3131	3344
548	cognom	3738	2817
549	adequat	3104	3393
550	aparell	5127	2057
551	identificació	2953	3577
552	italià	7198	1475
553	elèctrica	3338	3182
554	capella	14001	760
555	marcar	4575	2334
556	guerrers	2616	4096
557	salt	3190	3361
558	cristians	5626	1911
559	aventura	3150	3432
560	soviètica	7431	1456
561	secundària	8601	1259
562	potencial	4200	2582
563	gegant	2487	4367
564	altura	5841	1862
565	establiments	22524	483
566	vídua	3254	3349
567	sentiment	2525	4319
568	suau	2967	3684
569	mental	3021	3629
570	enterrat	3792	2892
571	inactius	27743	396
572	famosa	3975	2806
573	guardar	2405	4644
574	evolució	7287	1533
575	genial	485	23095
576	resistir	2947	3804
577	nombrosos	13950	806
578	longitud	9434	1195
579	basada	6727	1676
580	sobte	1771	6382
581	xèrif	769	14700
582	bala	1667	6793
583	lliurar	4135	2740
584	previst	3534	3212
585	estatal	6655	1710
586	metall	4967	2294
587	funcionament	7559	1510
588	bestiar	4277	2674
589	creuar	2361	4850
590	acosta	1675	6894
591	dimensió	2792	4142
592	aliments	6499	1781
593	municipal	17335	668
594	joventut	5766	2009
595	fundar	11529	1006
596	embarassada	1751	6626
597	renunciar	3724	3118
598	assolir	7778	1495
599	líders	5196	2238
600	infantil	4980	2338
601	reconegut	5360	2174
602	teulada	4706	2482
603	breu	5775	2023
604	iniciativa	5270	2217
605	populars	9585	1219
606	orde	7197	1627
607	atès	6130	1919
608	nadó	1255	9377
609	hereu	3242	3655
610	consisteix	9683	1224
611	puta	343	34592
612	trajectòria	5588	2124
613	recull	5107	2325
614	guàrdies	2119	5604
615	gratuït	18867	630
616	fals	2432	4888
617	llengües	11776	1010
618	gravar	4892	2432
619	confirmar	4180	2851
620	roig	5886	2025
621	basat	6582	1815
622	solia	2117	5652
623	agrícoles	43577	275
624	permès	3374	3563
625	etapa	14358	838
626	extremadament	3657	3295
627	criminal	1686	7151
628	guerrer	1666	7243
629	negatiu	3013	4012
630	subjecte	3504	3451
631	propers	4443	2722
632	lleugerament	7114	1705
633	assalt	3246	3745
634	droga	1557	7831
635	vicepresident	3851	3184
636	alto	1990	6178
637	armada	4383	2814
638	termini	4978	2481
639	tancs	3514	3523
640	càstig	2437	5088
641	comuna	7780	1594
642	àcid	5172	2412
643	fantasma	1901	6579
644	milles	1838	6828
645	criatures	2353	5338
646	pròxim	2588	4860
647	pal	3229	3896
648	fidel	3457	3654
649	elegit	7272	1743
650	fórmula	4301	2951
651	criatura	1640	7744
652	lleialtat	2296	5540
653	dolça	2457	5227
654	revolta	6523	1990
655	combinació	6445	2018
656	omplir	2931	4440
657	governar	4150	3139
658	ira	2681	4869
659	plataforma	6807	1925
660	interna	5126	2559
661	fulla	3873	3390
662	eixe	1930	6806
663	mon	1066	12365
664	varietat	12163	1085
665	aparició	9040	1460
666	reparació	13194	1001
667	prové	8159	1621
668	guitarra	5195	2546
669	culte	7670	1726
670	noces	2173	6093
671	russa	4789	2770
672	von	7504	1773
673	mantingut	4282	3114
674	poderós	2329	5752
675	ideal	4619	2902
676	barreja	5316	2533
677	mode	5003	2692
678	bogeria	1187	11364
679	benvinguda	1426	9470
680	similars	10383	1312
681	artilleria	5409	2519
682	indi	2854	4789
683	novament	8355	1636
684	concret	4818	2840
685	incident	3503	3928
686	tècnic	5746	2395
687	suïcidi	2304	5999
688	exercici	4309	3227
689	consta	16242	862
690	afers	4838	2904
691	profunditat	6546	2153
692	campionat	17108	824
693	increïble	821	17173
694	jueu	3427	4118
695	aèria	6047	2341
696	gra	3148	4497
697	desaparició	4003	3541
698	substituir	6142	2309
699	gros	1880	7561
700	òbviament	1670	8513
701	lateral	8448	1683
702	cul	633	22516
703	convençut	2479	5767
704	oxigen	4248	3367
705	plegat	2188	6547
706	pietat	2349	6119
707	infància	5009	2884
708	idioma	4341	3334
709	dolç	1923	7536
710	literalment	3320	4366
711	maleït	716	20347
712	típic	4517	3234
713	diable	1912	7661
714	fruit	7979	1837
715	encarregar	5037	2919
716	riba	5738	2568
717	inclòs	5848	2524
718	règim	10628	1395
719	àrab	10018	1482
720	experts	4571	3256
721	masses	4441	3355
722	procediment	5089	2938
723	altar	6137	2445
724	actualitat	16910	888
725	destinat	5901	2547
726	activa	6898	2179
727	context	10098	1489
728	rostre	3274	4606
729	rastre	1876	8068
730	regular	7632	1984
731	muntar	3362	4505
732	rescat	3152	4809
733	oriental	15832	958
734	traïció	2399	6325
735	europea	12663	1199
736	muralles	5005	3039
737	recepció	3048	5001
738	pura	2807	5443
739	nombroses	18153	843
740	centres	10500	1459
741	recórrer	5118	3005
742	ficció	6753	2281
743	preocupat	1791	8603
744	xinès	4898	3180
745	tub	4694	3325
746	flux	7549	2068
747	circular	9433	1661
748	xoc	3508	4467
749	crític	7306	2145
750	sorprenent	2536	6189
751	intercanvi	4912	3207
752	vós	539	29269
753	cec	2064	7647
754	definició	8413	1877
755	incloure	12382	1276
756	profundament	3312	4775
757	muralla	8029	1972
758	àmbit	14566	1087
759	cristià	4007	3952
760	finalitat	8828	1794
761	regiment	5104	3104
762	infanteria	7212	2202
763	japonesos	5024	3169
764	nomenar	6735	2367
765	alerta	1501	10622
766	esclau	2024	7896
767	extra	2625	6107
768	multitud	4741	3385
769	recorregut	7886	2036
770	xicot	1461	10997
771	vés	412	39039
772	vital	3243	4966
773	disposa	13314	1220
774	universal	7742	2103
775	editor	6913	2360
776	convent	9780	1672
777	gai	2994	5464
778	glòria	2259	7272
779	geni	2006	8197
780	remei	2930	5619
781	femení	7274	2266
782	adoptar	8099	2045
783	implica	6145	2699
784	esbrinar	1507	11017
785	rere	2653	6262
786	funeral	2532	6564
787	monestir	14941	1116
788	recinte	9653	1728
789	assegut	1887	8850
790	productor	6853	2437
791	visual	6651	2514
792	introduir	11044	1516
793	misteri	2759	6100
794	correctament	4579	3676
795	nuclear	4391	3835
796	manual	5527	3052
797	cobrir	5050	3346
798	particulars	23280	730
799	judicial	5239	3249
800	impedir	5647	3015
801	batalló	3745	4557
802	barra	4600	3711
803	esquerre	6709	2549
804	comparació	7037	2433
805	civilització	4218	4062
806	bruixa	1484	11552
807	comporta	4911	3493
808	elevat	8565	2007
809	joies	3228	5329
810	perillosa	2202	7819
811	cinquè	5278	3268
812	europeus	11801	1467
813	localitzar	3402	5095
814	segell	6055	2868
815	cabina	2856	6082
816	decoració	12358	1410
817	ubicació	7021	2483
818	con	3898	4475
819	esmentar	4099	4271
820	fum	2769	6333
821	envoltat	5027	3491
822	cadàvers	2472	7101
823	inicialment	19007	928
824	conducta	5159	3434
825	armats	4009	4426
826	òrgans	5462	3254
827	intervenció	8729	2047
828	explotar	3313	5399
829	bàndol	3388	5287
830	toc	2474	7247
831	cobertura	4700	3815
832	naturalment	2128	8499
833	individual	10051	1800
834	components	10063	1799
835	tir	4289	4221
836	particularment	7593	2387
837	combatre	5376	3392
838	exili	6389	2856
839	fixa	4862	3753
840	mestra	4251	4295
841	preocupa	1400	13068
842	cercar	3712	4933
843	inclús	2710	6782
844	dotzena	3023	6080
845	essencial	6505	2826
846	visible	8778	2096
847	existir	6838	2708
848	almirall	3749	4947
849	marines	4376	4247
850	reconeix	5597	3322
851	bola	3816	4897
852	femenina	8154	2296
853	traduït	3948	4746
854	emetre	7967	2352
855	localització	4197	4465
856	fabricació	12047	1560
857	mecanisme	8225	2288
858	expert	3159	5963
859	incapaç	3798	4965
860	elèctric	5675	3324
861	tanc	2975	6346
862	celebració	6806	2777
863	extensió	11503	1657
864	impressionant	2014	9490
865	entitat	14158	1351
866	niu	3194	6018
867	aparegut	4161	4631
868	sencera	3597	5367
869	observació	5773	3354
870	certament	2226	8745
871	estadi	9016	2163
872	mortal	2998	6508
873	revelar	5786	3375
874	sorgir	8755	2235
875	siga	2433	8070
876	fira	5333	3693
877	depenent	9391	2101
878	cavalleria	7299	2705
879	artístic	11348	1744
880	manuscrit	4732	4207
881	coma	4560	4378
882	atractiu	3763	5311
883	electoral	6558	3050
884	prohibit	3860	5217
885	llegat	5047	3994
886	lligat	4393	4592
887	característica	13347	1514
888	gestió	13911	1453
889	sac	2605	7781
890	seqüència	8141	2508
891	voluntaris	5362	3809
892	estendre	9102	2248
893	aplicar	9381	2182
894	diana	3616	5671
895	testament	6610	3103
896	regnat	10464	1961
897	ona	6608	3108
898	fletxa	3162	6496
899	establiment	9684	2122
900	executar	5701	3618
901	mèdic	4030	5136
902	professió	6494	3195
903	grandària	9292	2234
904	ampolla	2709	7671
905	sobreviscut	3623	5745
906	flames	3037	6862
907	parents	4106	5086
908	expressar	8590	2444
909	romàntic	3136	6703
910	europeu	13362	1574
911	relativament	15773	1334
912	atracció	4091	5145
913	instant	3558	5917
914	inspiració	5888	3580
915	perdona	513	41333
916	enfront	7781	2726
917	moll	3439	6172
918	originalment	12923	1645
919	proporcionar	10017	2125
920	núvia	2403	8875
921	distingir	8244	2589
922	pàtria	3840	5560
923	verí	2306	9274
924	absoluta	5869	3644
925	fila	3345	6397
926	concedir	7353	2913
927	desgràcia	2938	7294
928	màscara	3237	6637
929	capdavant	6616	3262
930	indiquen	7102	3047
931	jurar	2388	9086
932	petó	1651	13168
933	estén	7903	2767
934	creador	5212	4215
935	directora	6915	3181
936	religiosa	12048	1829
937	rates	2494	8859
938	vocal	7511	2945
939	vessant	15707	1409
940	armat	3901	5711
941	carro	3564	6263
942	infermera	2248	9930
943	ficar	1849	12105
944	pendent	6175	3626
945	pesta	3403	6580
946	traïdor	1877	11930
947	cinquena	7162	3141
948	esdevé	8753	2573
949	deriva	8519	2644
950	quadrat	5676	3970
951	esclavitud	3358	6716
952	carregar	3117	7242
953	for	8310	2720
954	aeri	5060	4468
955	gravació	5340	4234
956	tram	11025	2051
957	limitat	7294	3134
958	bèstia	2205	10376
959	signe	5719	4014
960	cristiana	7973	2885
961	acordar	5297	4392
962	seca	6316	3689
963	confondre	5492	4243
964	arran	11273	2072
965	supervivència	4793	4878
966	desapareix	4149	5650
967	fuig	3121	7516
968	aterratge	4026	5840
969	notar	4860	4839
970	exercir	17724	1330
971	artificial	5522	4270
972	situa	13397	1761
973	còmics	6673	3544
974	rècord	8131	2911
975	vapor	8279	2866
976	alimentar	3774	6288
977	imaginació	3579	6632
978	tabac	3459	6864
979	meravellós	1680	14202
980	rendir	6360	3766
981	circuit	10380	2310
982	positiu	5940	4038
983	terroristes	3029	7959
984	alliberament	9810	2458
985	violació	3895	6194
986	considerable	10398	2323
987	retrat	7153	3380
988	mantenen	9534	2536
989	còmic	7825	3091
990	afores	4968	4876
991	acostar	3967	6121
992	ocórrer	4556	5330
993	altament	6574	3696
994	avantpassats	4230	5759
995	duu	6133	3976
996	inscripció	14000	1747
997	míssils	4069	6012
998	catòlica	11024	2227
999	espiritual	7093	3471
1000	reconstruir	6503	3786
1001	electrònic	5695	4332
1002	nét	4302	5742
1003	homenatge	9979	2489
1004	consideració	5903	4225
1005	espòs	4224	5906
1006	revisió	5814	4322
1007	comissari	4851	5190
1008	aguanta	1602	15723
1009	cuidar	2628	9588
1010	comerciants	6246	4036
1011	obtingut	7721	3266
1012	horrible	1151	21937
1013	gola	2913	8703
1014	posseeix	10993	2311
1015	extraordinari	3456	7358
1016	emocional	5008	5080
1017	potent	6199	4107
1018	enterrar	2999	8494
1019	truc	1905	13455
1020	selva	7054	3637
1021	pur	4273	6009
1022	cartell	4416	5819
1023	assembla	2902	8860
1024	seriós	2871	8973
1025	italiana	11477	2249
1026	conquerir	6184	4174
1027	clan	7002	3688
1028	pretenia	5946	4356
1029	facilitat	8272	3133
1030	únicament	14007	1853
1031	cendres	3323	7812
1032	caritat	4964	5237
1033	haig	512	50819
1034	custòdia	3381	7703
1035	assistència	8150	3208
1036	percentatge	7743	3387
1037	emprar	8643	3035
1038	brigada	11302	2321
1039	equivalent	11311	2326
1040	armadura	3720	7097
1041	confessar	3068	8611
1042	dignitat	4348	6079
1043	pesar	6728	3942
1044	intensa	8245	3219
1045	component	9841	2698
1046	nano	757	35156
1047	grossa	3088	8622
1048	obté	10002	2687
1049	xic	3125	8615
1050	secretària	4952	5451
1051	entregar	3425	7889
1052	ànim	5053	5362
1053	desfer	4346	6238
1054	taques	6562	4140
1055	esquadró	3586	7585
1056	debilitat	3292	8308
1057	apartat	6586	4157
1058	garantir	7101	3859
1059	òrgan	7331	3742
1060	colpejar	2961	9267
1061	adult	5514	4987
1062	bebè	1883	14610
1063	cadascú	3498	7874
1064	disciplina	7679	3587
1065	mereix	1842	14970
1066	caçar	2576	10725
1067	sants	10537	2639
1068	centímetres	7432	3746
1069	fonamental	11959	2333
1070	masculí	7426	3758
1071	ritual	5230	5340
1072	santuari	9062	3082
1073	maca	1110	25178
1074	encàrrec	6767	4131
1075	infantesa	6786	4121
1076	esclatar	6434	4359
1077	antecedents	3520	7970
1078	missa	9152	3070
1079	xinesos	7196	3908
1080	clínica	5553	5065
1081	nan	2701	10426
1082	post	7165	3931
1083	monstres	2789	10114
1084	cacera	4304	6558
1085	mitjanit	2842	9937
1086	necessàriament	6827	4144
1087	índex	9317	3037
1088	nazis	5976	4744
1089	prioritat	4245	6685
1090	registrar	6252	4550
1091	anti	8044	3537
1092	quiet	1570	18125
1093	trampa	2222	12819
1094	maledicció	2392	11908
1095	inventar	4632	6154
1096	munició	3968	7191
1097	adolescent	5042	5661
1098	luxe	5069	5648
1099	afectar	7827	3660
1100	der	12315	2329
1101	explorar	5334	5395
1102	aliment	7959	3620
1103	mèrit	6691	4309
1104	específicament	7582	3803
1105	mascle	7267	3969
1106	llogaters	54651	529
1107	definitiva	9171	3167
1108	inútil	2318	12549
1109	corredor	4734	6153
1110	transmetre	8987	3250
1111	jurisdicció	6879	4251
1112	alfa	4683	6287
1113	expansió	15341	1920
1114	terrorista	2747	10769
1115	planejat	3059	9677
1116	full	5632	5271
1117	casal	9170	3243
1118	cabana	4624	6432
1119	avanç	8467	3519
1120	japonesa	8576	3475
1121	indicar	9713	3079
1122	contribuir	12700	2364
1123	cedit	16526	1817
1124	tancament	7916	3795
1125	seguiment	8379	3590
1126	idiota	783	38501
1127	bronze	17402	1739
1128	sobrenom	7696	3934
1129	nus	5051	5995
1130	nuclears	5741	5285
1131	habitualment	14118	2150
1132	separació	11157	2724
1133	lliçons	5335	5700
1134	observadors	4791	6352
1135	sofert	7415	4106
1136	pirates	6792	4483
1137	repte	4049	7522
1138	borratxo	1798	16941
1139	boira	3925	7765
1140	envolta	7629	3999
1141	flama	3625	8466
1142	policial	4994	6151
1143	fragments	12244	2509
1144	dividir	12694	2438
1145	rodar	5792	5345
1146	lleugera	6945	4460
1147	invitació	2950	10506
1148	reconstrucció	10305	3010
1149	cerebral	3849	8063
1150	indret	11459	2710
1151	ridícul	1819	17090
1152	criar	3575	8710
1153	coordenades	4627	6734
1154	conspiració	5017	6212
1155	xinesa	8975	3473
1156	parròquia	18887	1652
1157	comunicar	8300	3767
1158	anual	17696	1767
1159	inusual	4783	6544
1160	marí	7482	4184
1161	protector	5208	6017
1162	pagesos	7131	4397
1163	estel	5957	5276
1164	barba	4442	7084
1165	fundador	15920	1980
1166	llàgrimes	3169	9957
1167	evidentment	3899	8106
1168	investigador	6456	4899
1169	violent	4948	6394
1170	diamants	2651	11950
1171	estúpid	1023	31021
1172	excés	7015	4524
1173	vampir	1270	25030
1174	donació	7928	4011
1175	aprovació	8506	3739
1176	crescut	4252	7490
1177	llatina	12078	2637
1178	comprensió	7588	4199
1179	envers	7486	4259
1180	nazi	7143	4464
1181	cràter	15090	2119
1182	disculpa	1462	21873
1183	construint	4995	6408
1184	contactar	3465	9246
1185	conca	14576	2199
1186	significar	5929	5419
1187	rival	9330	3450
1188	escàndol	4953	6519
1189	daurat	6773	4778
1190	ofici	7894	4101
1191	impuls	7217	4487
1192	firma	4670	6941
1193	navegació	8696	3728
1194	coratge	3009	10774
1195	masia	33910	957
1196	excepcional	5978	5432
1197	presidència	13572	2396
1198	parcialment	13918	2337
1199	enfonsar	4739	6880
1200	comprometre	5616	5837
1201	descrit	13536	2422
1202	finca	10860	3021
1203	agrícola	32636	1007
1204	tones	9475	3469
1205	veïnat	4599	7147
1206	natal	14361	2291
1207	popularitat	14062	2342
1208	projecció	9905	3347
1209	llençar	3746	8881
1210	circ	5751	5794
1211	ofensiva	9640	3460
1212	vigilant	2149	15553
1213	defineix	13071	2558
1214	paradís	3993	8375
1215	exemplars	15230	2197
1216	successió	13237	2528
1217	convenció	10626	3150
1218	fallar	4119	8137
1219	perdonar	2436	13776
1220	vigilar	2861	11730
1221	dempeus	4296	7813
1222	programació	12952	2593
1223	vampirs	1248	26957
1224	mansió	4913	6853
1225	orientació	11593	2905
1226	republicans	7410	4545
1227	triangle	8378	4051
1228	tortura	3734	9095
1229	urbana	12560	2706
1230	denunciar	6017	5649
1231	rara	4400	7736
1232	preocupar	3282	10419
1233	tècnicament	4223	8098
1234	apunta	3751	9131
1235	aparcament	4158	8250
1236	recte	4811	7134
1237	bessons	4496	7641
1238	majoritàriament	15219	2264
1239	rata	2594	13288
1240	ciutadella	5776	5970
1241	turc	6506	5306
1242	ruptura	6520	5295
1243	desagradable	2847	12142
1244	bombardeig	6750	5122
1245	gamma	14107	2451
1246	vertical	13147	2630
1247	centra	10413	3323
1248	baró	7972	4344
1249	bàsic	8431	4109
1250	persecució	8138	4266
1251	encendre	3917	8865
1252	associat	12440	2793
1253	traduir	9730	3593
1254	alimentació	11253	3109
1255	caos	4583	7643
1256	alça	5945	5907
1257	làser	4491	7833
1258	inauguració	6628	5308
1259	dormitori	2866	12280
1260	lliurement	6010	5856
1261	exploració	7993	4410
1262	disposar	9508	3710
1263	tapa	4633	7623
1264	ventre	5643	6260
1265	dosi	4604	7682
1266	conquesta	12925	2738
1267	coincidència	2918	12131
1268	efectivament	6435	5503
1269	addicional	10216	3468
1270	pretén	9195	3856
1271	concretament	11731	3034
1272	promoure	15213	2348
1273	lleuger	8689	4112
1274	gabinet	7747	4616
1275	gasolina	3184	11242
1276	qué	1814	19755
1277	tio	1117	32096
1278	socialista	15892	2257
1279	dominar	6895	5220
1280	mot	9856	3662
1281	casino	5233	6903
1282	físicament	7261	4976
1283	irregular	13447	2689
1284	centrar	10468	3458
1285	jazz	9301	3893
1286	exemplar	7695	4707
1287	morí	13285	2731
1288	rumb	3679	9869
1289	enamorar	3779	9624
1290	racó	4355	8365
1291	suïcidar	6291	5793
1292	catàleg	11973	3053
1293	prosperitat	5905	6191
1294	especialitat	5490	6665
1295	contenir	8663	4237
1296	financer	6937	5293
1297	franja	9192	3998
1298	malson	2495	14732
1299	caçadors	6030	6105
1300	espectacular	5873	6272
1301	imposar	12498	2954
1302	ençà	8807	4193
1303	compondre	20979	1762
1304	liberal	12352	2999
1305	submarí	5393	6871
1306	poderosos	5223	7109
1307	singular	10660	3485
1308	eficaç	10211	3640
1309	rodatge	10933	3403
1310	tradicionalment	17961	2073
1311	guaita	3164	11785
1312	escolar	10986	3396
1313	sofrir	7462	5006
1314	sonar	4112	9093
1315	gir	8513	4396
1316	cine	5074	7381
1317	greix	5010	7493
1318	aguantar	3049	12328
1319	boom	3316	11338
1320	terrestre	10427	3608
1321	famosos	9401	4009
1322	digne	4083	9233
1323	màgic	4663	8086
1324	trigar	5725	6606
1325	infermeria	3627	10431
1326	guardià	3572	10595
1327	republicà	10326	3670
1328	fracassar	7786	4874
1329	minerals	9945	3818
1330	dificultat	13104	2906
1331	restar	8053	4729
1332	deessa	7737	4929
1333	inclosa	13441	2838
1334	exclusivament	16888	2270
1335	competir	9004	4258
1336	ferma	5853	6560
1337	perillosos	3826	10063
1338	comiat	4570	8428
1339	ferir	3195	12061
1340	vestíbul	7685	5015
1341	efectiva	10013	3850
1342	regional	18517	2084
1343	taca	4722	8193
1344	empresonat	10133	3822
1345	àmplia	24463	1589
1346	públicament	7460	5211
1347	editorial	32181	1211
1348	interrompre	4264	9143
1349	fumar	2431	16045
1350	partidaris	10777	3623
1351	estrictament	7567	5170
1352	aportar	9377	4181
1353	diversió	4043	9713
1354	suec	7206	5486
1355	massiva	7617	5204
1356	lliçó	2460	16121
1357	finalitzar	18327	2165
1358	animar	7149	5552
1359	sotmetre	10283	3865
1360	sisè	7180	5547
1361	estrenar	20259	1968
1362	candidatura	8730	4569
1363	atreure	8595	4646
1364	immediata	7234	5523
1365	magnífic	4108	9726
1366	extracció	8208	4870
1367	invisible	4719	8474
1368	casualitat	3201	12496
1369	veïna	7799	5130
1370	ballet	10126	3953
1371	misteriós	5864	6829
1372	boda	2941	13625
1373	afer	4858	8249
1374	triple	7089	5667
1375	joguines	4307	9363
1376	precedents	8007	5042
1377	esdevingut	10196	3968
1378	rellevant	9494	4263
1379	interns	8941	4546
1380	revolucionari	9274	4404
1381	gota	4356	9387
1382	difunt	6263	6530
1383	assabentar	5400	7574
1384	guarnició	9686	4229
1385	corba	10876	3779
1386	dol	4058	10133
1387	contenen	17794	2312
1388	sia	3659	11281
1389	contrast	12454	3315
1390	funcionaris	12360	3343
1391	calla	647	63885
1392	transformació	17177	2407
1393	fixar	8459	4889
1394	intens	8719	4748
1395	natius	4209	9854
1396	primària	13770	3014
1397	parent	5668	7349
1398	titulat	17781	2343
1399	detectar	10447	3991
1400	independentment	10110	4125
1401	especialista	6333	6589
1402	apreciar	9419	4435
1403	reflex	7187	5818
1404	extreure	7826	5355
1405	complert	4176	10037
1406	incorporar	21863	1918
1407	educat	5497	7629
1408	juvenil	12176	3446
1409	durs	5160	8134
1410	reaccionar	5984	7018
1411	formalment	9066	4637
1412	musulmans	18845	2231
1413	gruix	14796	2842
1414	ofert	4508	9346
1415	comtessa	6273	6717
1416	escamot	2831	14891
1417	preparació	13283	3175
1418	historiadors	17657	2389
1419	pic	10437	4052
1420	específica	10903	3881
1421	preciós	1823	23219
1422	cedir	9986	4240
1423	estatus	15487	2735
1424	condicional	4124	10277
1425	vegetal	8641	4914
1426	test	5472	7771
1427	observador	7496	5673
1428	extraordinària	6337	6712
1429	sòlid	9696	4390
1430	planejar	5679	7498
1431	facilitar	13981	3048
1432	barrera	9543	4477
1433	canceller	4526	9448
1434	helicòpter	4444	9627
1435	triomf	10404	4115
1436	exploradors	5058	8473
1437	psicologia	9020	4752
1438	ostres	1365	31473
1439	comanda	5938	7237
1440	fina	8733	4928
1441	atzar	5161	8342
1442	femelles	17940	2400
1443	suposadament	8058	5346
1444	pero	2004	21497
1445	funcional	10396	4148
1446	abús	6341	6813
1447	misericòrdia	3721	11619
1448	camperols	10129	4269
1449	terç	11061	3914
1450	capellà	6611	6551
1451	esfera	10137	4284
1452	privilegi	5936	7318
1453	globus	7920	5508
1454	sorprès	4059	10768
1455	mòdul	8461	5169
1456	afrontar	6433	6802
1457	devoció	8339	5252
1458	enterrament	7719	5674
1459	hisenda	7869	5569
1460	jedi	2863	15311
1461	acudir	7458	5900
1462	cardenal	13997	3148
1463	creixen	6973	6326
1464	rarament	10480	4216
1465	modificacions	15306	2893
1466	orígens	18910	2347
1467	mana	3185	13936
1468	naval	14816	2996
1469	interacció	12955	3427
1470	novetat	6885	6452
1471	pol	7626	5844
1472	descendents	15250	2926
1473	bassa	9118	4895
1474	àmpliament	19573	2284
1475	operatiu	10483	4273
1476	concentra	5552	8075
1477	venjar	7053	6364
1478	rol	11760	3819
1479	gest	6865	6543
1480	llàstima	1568	28677
1481	claredat	5547	8128
1482	mecànica	12994	3472
1483	obvi	3018	14976
1484	joia	4726	9572
1485	exposar	10223	4437
1486	puresa	5697	7967
1487	benvingut	1177	38642
1488	terrorisme	4829	9420
1489	utilitat	9129	4984
1490	sabor	7408	6152
1491	diví	7335	6221
1492	reforçar	10221	4466
1493	comportar	9748	4704
1494	fortament	14627	3137
1495	radical	11275	4074
1496	alè	3095	14846
1497	mercenaris	5798	7958
1498	quarter	6352	7267
1499	jaciment	12832	3599
1500	bou	9114	5070
