surface	subs_rank	wiki_rank	subs_count	wiki_count	worst_rank
l	1	1	36341	10978	1
d	2	2	35898	7484	2
m	3	23	17766	1332	23
ben	13	27	1411	1261	27
dóna	20	37	870	1094	37
companyia	49	48	418	856	49
the	69	49	322	839	69
voltant	73	20	314	1369	73
través	85	11	284	1854	85
seua	117	28	230	1248	117
humana	153	141	201	453	153
fou	174	3	190	7185	174
sant	223	216	158	353	223
s	5	227	8513	340	227
plena	93	249	256	318	249
n	6	250	7617	318	250
oferir	250	163	145	413	250
senyor	7	286	4495	299	286
depèn	211	314	165	280	314
aparèixer	321	59	124	721	321
ésser	338	101	121	533	338
pertany	274	344	135	267	344
of	348	16	118	1631	348
desaparèixer	140	430	211	240	430
sexual	381	463	112	231	463
útil	312	470	127	230	470
fàcilment	484	300	94	289	484
ús	487	10	94	1936	487
succeir	463	488	96	226	488
tribu	488	438	94	237	488
científic	399	501	108	223	501
noble	516	493	90	225	516
russos	523	502	89	223	523
tripulació	315	544	126	213	544
enorme	325	582	124	207	582
pilot	305	592	128	205	592
americana	596	310	81	283	596
potència	600	289	81	297	600
di	607	580	80	207	607
cerca	616	607	80	201	616
càncer	347	618	119	199	618
destrucció	621	597	79	203	621
alliberar	521	623	89	198	623
científics	627	223	79	346	627
éssers	629	653	79	192	653
global	644	658	77	191	658
evident	653	663	77	190	663
y	666	74	76	623	666
cobert	687	298	74	292	687
ocasió	691	295	73	294	691
recollir	367	692	115	185	692
ex	695	584	73	207	695
impressió	701	649	73	193	701
espacial	703	486	73	226	703
e	705	277	72	303	705
veïns	716	195	72	371	716
in	718	115	72	503	718
cantonada	626	720	79	181	720
moral	721	687	72	185	721
desaparegut	96	728	253	180	728
temporal	732	659	71	191	732
circumstàncies	551	736	86	178	736
japonès	663	737	76	178	737
romandre	738	146	70	445	738
cercle	749	487	70	226	749
bàsicament	754	686	70	185	754
and	757	61	70	711	757
capturar	762	522	69	218	762
retorn	768	202	69	364	768
danys	772	646	69	193	772
jueus	777	306	69	284	777
possiblement	784	379	68	254	784
reputació	633	789	78	169	789
trànsit	798	757	67	174	798
mitjana	802	51	66	821	802
signar	806	235	66	333	806
petició	825	688	65	185	825
còpia	696	827	73	164	827
celebrar	830	170	65	399	830
requereix	832	296	65	293	832
lletra	843	263	64	308	843
cementiri	846	385	64	252	846
rus	848	409	64	247	848
elèctrica	804	851	66	161	851
pou	677	856	75	160	856
devia	339	863	121	159	863
cantó	879	617	63	199	879
convèncer	372	880	114	158	880
raça	585	885	83	157	885
disponible	885	424	62	242	885
previst	888	805	62	166	888
passeig	892	889	62	157	892
eliminar	896	425	62	242	896
adequat	704	898	73	156	898
sensació	291	901	131	155	901
rebels	913	689	60	185	913
senyors	46	920	441	153	920
explicació	492	926	93	153	926
extremadament	928	846	59	161	928
nobles	932	517	59	219	932
subjecte	874	933	63	152	933
do	504	935	92	152	935
indis	343	944	120	151	944
encarregat	946	589	58	206	946
canó	949	436	58	237	949
aventura	723	954	72	150	954
renunciar	956	771	58	172	956
cognom	962	662	58	190	962
relacionat	972	639	57	195	972
permès	817	975	66	147	975
tancs	878	976	63	147	976
solitari	981	524	57	217	981
enterrat	986	693	57	184	986
humanitat	433	994	101	145	994
vídua	770	995	69	145	995
identificació	652	996	77	145	996
habitual	999	151	56	438	999
desconegut	555	1001	85	144	1001
identificar	1002	301	56	289	1002
ronda	1004	727	56	180	1004
apareix	1010	40	56	1028	1010
vicepresident	1013	949	56	150	1013
km	530	1018	88	143	1018
capturat	987	1020	57	142	1020
fulla	1025	919	55	153	1025
humor	406	1028	106	142	1028
enmig	326	1037	124	141	1037
dintre	270	1041	137	140	1041
junta	617	1042	80	140	1042
suau	655	1044	77	140	1044
saló	1032	1046	55	140	1046
federal	702	1055	73	139	1055
x	1056	234	54	334	1056
mental	675	1070	75	138	1070
científica	1076	451	54	234	1076
duc	1077	530	54	216	1077
oficialment	1081	270	53	305	1081
desaparició	1083	977	53	147	1083
ajut	1086	572	53	209	1086
aparentment	557	1089	85	136	1089
comtat	1089	238	53	330	1089
indica	1092	200	53	368	1092
resistir	648	1093	77	136	1093
campió	1099	494	53	225	1099
fase	1103	128	53	481	1103
assalt	767	1106	69	135	1106
execució	1130	421	52	244	1130
hereu	764	1143	69	132	1143
profund	501	1149	92	131	1149
lliurar	1149	629	51	197	1149
rebutjar	1154	495	51	225	1154
governar	1157	778	51	171	1157
sexuals	539	1161	87	130	1161
confirmar	1170	674	51	188	1170
marina	918	1175	60	129	1175
descripció	1175	491	50	225	1175
uniforme	497	1180	92	129	1180
potencial	1182	571	50	209	1182
incident	873	1193	63	128	1193
salt	739	1195	70	127	1195
negatiu	673	1197	76	127	1197
ofereix	1198	167	50	408	1198
oxigen	1206	882	50	158	1206
personalitat	1213	429	50	240	1213
mina	565	1214	84	125	1214
recent	1215	373	50	255	1215
derrotar	1218	508	50	221	1218
estrany	28	1219	613	125	1219
bestiar	1222	604	49	202	1222
civilització	1188	1233	50	124	1233
promesa	191	1234	176	124	1234
fórmula	1234	921	49	153	1234
da	1239	798	49	168	1239
exercici	1240	813	49	166	1240
manca	1252	177	49	392	1252
idioma	1255	862	49	160	1255
fortuna	477	1261	95	122	1261
mines	1263	840	48	162	1263
dimensió	589	1265	82	122	1265
nuclear	1271	1235	48	124	1271
factor	1273	387	48	252	1273
ombra	390	1276	110	122	1276
comprovar	395	1286	109	121	1286
masses	1295	900	47	155	1295
vigilància	485	1300	94	120	1300
descriure	1306	241	47	325	1306
invasió	1308	465	47	231	1308
provocar	1311	107	47	522	1311
bord	214	1321	164	118	1321
continuació	1325	152	47	433	1325
excepció	1326	449	47	235	1326
esmentar	1131	1331	52	118	1331
h	824	1336	65	118	1336
alcohol	431	1338	101	118	1338
típic	1338	847	46	161	1338
signes	1342	733	46	179	1342
refereix	1344	319	46	277	1344
explosió	309	1352	127	117	1352
fidel	852	1354	64	116	1354
jueu	842	1362	64	116	1362
experts	1365	905	45	155	1365
possessió	1366	443	45	236	1366
marcar	1367	462	45	231	1367
correctament	1371	1029	45	141	1371
bomba	139	1372	211	115	1372
llenguatge	1377	171	45	396	1377
absència	1379	405	45	249	1379
barra	1382	1203	45	126	1382
ideal	1389	775	45	172	1389
britànic	1398	219	45	349	1398
pèl	234	1399	152	114	1399
permanent	1400	374	45	255	1400
incloent	1401	65	44	655	1401
omplir	640	1405	78	114	1405
bandera	1405	264	44	308	1405
guerrers	522	1411	89	113	1411
armada	1270	1427	48	113	1427
tub	1430	886	44	157	1430
cobertura	1434	1108	44	134	1434
armats	1087	1435	53	112	1435
viva	106	1436	242	112	1436
similar	1436	88	44	557	1436
matemàtiques	1441	523	44	217	1441
mm	1444	123	44	486	1444
símbol	1447	252	44	316	1447
muntar	811	1451	66	111	1451
rock	1453	641	43	195	1453
manuscrit	1454	1323	43	118	1454
baralla	317	1462	126	110	1462
multitud	1462	884	43	157	1462
gegants	1464	1328	43	118	1464
colònia	1470	452	43	234	1470
màgia	164	1471	196	110	1471
venjança	210	1473	166	110	1473
russa	1485	931	43	152	1485
gra	722	1486	72	109	1486
lligat	1272	1487	48	109	1487
disposició	1496	336	42	270	1496
concret	1497	671	42	188	1497
transmissió	1501	365	42	259	1501
imperial	1503	759	42	174	1503
gegant	479	1507	95	108	1507
xoc	877	1509	63	108	1509
desconeguda	1518	1467	42	110	1518
literalment	795	1522	67	107	1522
fixa	1523	1099	42	135	1523
guardar	451	1529	98	107	1529
gravar	1532	507	42	222	1532
alliberat	1189	1535	50	106	1535
xinès	1535	867	42	159	1535
aparegut	1162	1536	51	106	1536
espanyol	1538	96	41	539	1538
comporta	1540	1000	41	144	1540
intercanvi	1541	845	41	162	1541
profunda	1551	770	41	172	1551
dissenyat	1554	626	41	197	1554
cristià	1085	1568	53	104	1568
signat	1147	1573	51	104	1573
termini	1576	543	41	213	1576
infantil	1577	587	41	206	1577
volar	198	1580	173	104	1580
rostre	778	1581	69	104	1581
marcat	1581	718	41	181	1581
mode	1590	725	41	180	1590
muralles	1592	756	40	174	1592
infància	1595	746	40	177	1595
saga	161	1596	197	103	1596
japonesos	1605	801	40	167	1605
envoltat	1608	986	40	146	1608
encarregar	1612	699	40	184	1612
llegat	1619	1198	40	127	1619
àfrica	1204	1620	50	102	1620
cobrir	1620	858	40	160	1620
notar	1521	1621	42	102	1621
creuar	438	1624	100	102	1624
amo	130	1636	215	102	1636
aigües	1636	80	40	590	1636
procediment	1640	712	40	182	1640
localització	1181	1641	50	101	1641
rescat	724	1643	72	101	1643
aeri	1626	1647	40	101	1647
regiment	1648	1615	40	102	1648
recull	1651	529	40	216	1651
recórrer	1656	738	39	178	1656
francesos	1658	157	39	422	1658
afores	1572	1660	41	100	1660
sencer	308	1661	128	100	1661
interna	1661	578	39	207	1661
supervivència	1487	1662	43	100	1662
aparell	1662	367	39	258	1662
cercar	948	1669	58	100	1669
conducta	1680	911	39	154	1680
profundament	789	1682	67	99	1682
múltiples	1685	232	39	334	1685
àcid	1686	497	39	225	1686
adequada	1695	1016	39	143	1695
guitarra	1698	567	39	210	1698
recepció	684	1700	74	98	1700
tir	1227	1704	49	98	1704
tindre	277	1705	134	98	1705
encarrega	1706	1289	39	121	1706
creador	1707	1450	38	111	1707
bombes	410	1718	105	97	1718
foren	1722	19	38	1465	1722
le	1723	565	38	211	1723
judicial	1724	887	38	157	1724
concentració	1725	268	38	306	1725
comunista	1694	1736	39	97	1736
iniciativa	1743	506	38	222	1743
eixos	1745	817	38	165	1745
cinquè	1748	897	38	156	1748
traduït	1060	1751	54	96	1751
emocional	1594	1753	40	96	1753
guàrdia	50	1754	413	96	1754
captura	1754	1075	38	137	1754
tresor	105	1756	244	96	1756
portal	1756	111	38	510	1756
localitzar	828	1758	65	96	1758
acordar	1761	1378	38	115	1761
lletres	1764	160	38	415	1764
b	1248	1770	49	96	1770
barreja	1770	558	38	211	1770
cadascuna	1777	349	37	266	1777
con	1040	1780	55	95	1780
vital	765	1782	69	95	1782
gravació	1782	1355	37	116	1782
t	4	1792	13891	95	1792
reconegut	1792	411	37	246	1792
voluntaris	1794	1301	37	120	1794
parents	1135	1802	52	94	1802
combatre	1803	888	37	157	1803
càstig	460	1807	96	94	1807
solen	1808	148	37	440	1808
completar	1810	261	37	309	1810
afers	1509	1814	42	94	1814
artilleria	1823	643	37	195	1823
rang	1828	279	37	302	1828
incapaç	992	1829	57	93	1829
essent	1830	308	37	284	1830
dama	324	1838	124	93	1838
administració	1845	99	36	538	1845
atracció	1128	1846	52	93	1846
dedicat	1846	253	36	315	1846
expedició	1850	353	36	266	1850
òrgans	1851	834	36	163	1851
companyies	1853	505	36	222	1853
identificat	1305	1857	47	92	1857
confondre	1864	1303	36	120	1864
disposat	322	1872	124	91	1872
independent	1873	91	36	544	1873
prohibit	1018	1875	56	91	1875
rebutjat	1547	1876	41	91	1876
extrem	1879	86	36	562	1879
artificial	1881	1361	36	116	1881
manual	1883	1012	36	143	1883
cercles	1891	1136	36	132	1891
bàndol	821	1902	65	90	1902
joies	755	1904	70	90	1904
romana	1905	182	35	388	1905
ocórrer	1355	1906	46	90	1906
apareixen	1907	125	35	483	1907
suportar	307	1909	128	90	1909
enamorat	216	1910	162	90	1910
trajectòria	1916	399	35	250	1916
atractiu	973	1919	57	90	1919
reconeix	1921	878	35	158	1921
ànim	1622	1922	40	90	1922
conscient	354	1924	117	89	1924
sencera	909	1933	61	89	1933
cristians	1938	360	35	261	1938
explotar	790	1943	67	89	1943
voltants	1948	832	35	163	1948
impedir	1949	741	35	178	1949
c	1963	1258	35	123	1963
fulles	1964	131	35	476	1964
elèctric	1970	866	35	159	1970
humanes	1973	691	34	185	1973
explorar	1779	1977	37	88	1977
electrònic	1977	1422	34	113	1977
executar	1981	1008	34	144	1981
signe	1988	1231	34	124	1988
criatures	437	1993	100	87	1993
riba	1998	970	34	148	1998
nuclears	2000	1898	34	90	2000
ritual	1718	2001	38	87	2001
tècnic	2004	562	34	211	2004
indi	609	2008	80	87	2008
joventut	2014	678	34	187	2014
observació	2019	918	34	154	2019
breu	2021	378	34	254	2021
revelar	2027	879	34	158	2027
rodar	2028	1913	34	90	2028
grec	2030	240	34	327	2030
pal	756	2034	70	86	2034
granja	384	2035	111	86	2035
guarda	337	2036	122	86	2036
revisió	2036	1370	34	115	2036
governant	2045	1171	33	129	2045
altura	2051	311	33	283	2051
succeeix	773	2055	69	85	2055
